date,exchange_rate
2009-01-02,0
2009-03-17,0
2009-06-01,0
2009-10-05,0.001
2010-01-01,0.002
2010-03-17,0.003
2010-05-22,0.004
2010-07-17,0.08
2010-10-01,0.1
2011-01-03,0.3
2011-01-09,0.32
2011-02-09,1.09
2011-04-03,0.75
2011-06-01,9.89
2011-06-08,31.91
2011-07-01,13.55
2011-08-01,10.89
2011-09-01,7.6
2011-10-01,3.93
2011-11-01,2.55
2011-12-01,3.03
2012-01-01,6.18
2012-01-11,7.1
2012-02-01,7.23
2012-03-01,5.06
2012-04-01,5.0
2012-05-01,5.27
2012-06-01,5.42
2012-07-01,7.24
2012-08-01,10.0
2012-09-01,11.96
2012-10-01,12.38
2012-11-01,10.66
2012-12-01,12.56
2013-01-01,13.45
2013-02-01,20.0
2013-03-01,34.0
2013-04-01,100.0
2013-04-10,200.0
2013-05-01,115.0
2013-06-01,128.0
2013-07-01,92.77
2013-08-01,94.7
2013-09-01,128.51
2013-10-01,140.0
2013-11-01,210.0
2013-11-17,503.0
2013-12-01,900.0
2013-12-04,1147.25
2014-01-01,800.0
2014-02-01,550.0
2014-03-01,590.0
2014-04-01,450.0
2014-05-01,440.0
2014-06-01,627.0
2014-07-01,620.0
2014-08-01,504.0
2014-09-01,475.0
2014-10-01,384.0
2014-11-01,330.0
2014-12-01,375.0
2015-01-01,315.21
2015-02-01,220.0
2015-03-01,271.0
2015-04-01,247.0
2015-05-01,235.0
2015-06-01,225.0
2015-07-01,277.0
2015-08-01,280.0
2015-09-01,238.0
2015-10-01,237.0
2015-11-01,325.0
2015-12-01,360.0
2016-01-01,434.46
2016-02-01,371.0
2016-03-01,415.0
2016-04-01,418.0
2016-05-01,449.0
2016-06-01,570.0
2016-07-01,675.0
2016-08-01,590.0
2016-09-01,607.0
2016-10-01,610.0
2016-11-01,710.0
2016-12-01,775.0
2017-01-01,998.33
2017-02-01,975.0
2017-03-01,1180.0
2017-04-01,1080.0
2017-05-01,1420.0
2017-06-01,2450.0
2017-07-01,2575.0
2017-08-01,2790.0
2017-09-01,4910.0
2017-10-01,4330.0
2017-11-01,6700.0
2017-12-01,10980.0
2017-12-17,19497.4
2018-01-01,13657.2
2018-02-01,9052.0
2018-03-01,11351.0
2018-04-01,7015.0
2018-05-01,9280.0
2018-06-01,7714.0
2018-07-01,6390.0
2018-08-01,7700.0
2018-09-01,7280.0
2018-10-01,6601.0
2018-11-01,6425.0
2018-12-01,4100.0
2019-01-01,3869.5
2019-02-01,3420.0
2019-03-01,3863.0
2019-04-01,4105.0
2019-05-01,5330.0
2019-06-01,8600.0
2019-07-01,10800.0
2019-08-01,10600.0
2019-09-01,9584.0
2019-10-01,8300.0
2019-11-01,9100.0
2019-12-01,7430.0
2020-01-01,7200.17
2020-02-01,9345.0
2020-03-01,8800.0
2020-04-01,6850.0
2020-05-01,8745.0
2020-06-01,9700.0
2020-07-01,9133.0
2020-08-01,11350.0
2020-09-01,11920.0
2020-10-01,10780.0
2020-11-01,13780.0
2020-12-01,19700.0
2021-01-01,29374.15
2021-02-01,33114.0
2021-03-01,45150.0
2021-04-01,58900.0
2021-05-01,57900.0
2021-06-01,35660.0
2021-07-01,33572.0
2021-08-01,41490.0
2021-09-01,47100.0
2021-10-01,47267.0
2021-11-01,61300.0
2021-11-10,67566.83
2021-12-01,56900.0
2022-01-01,46311.81
2022-02-01,38300.0
2022-03-01,43200.0
2022-04-01,45900.0
2022-05-01,38700.0
2022-06-01,30100.0
2022-07-01,20100.0
2022-08-01,23300.0
2022-09-01,19900.0
2022-10-01,20050.0
2022-11-01,20500.0
2022-12-01,17000.0
2023-01-01,16547.0
2023-02-01,23100.0
2023-03-01,22400.0
2023-04-01,28350.0
2023-05-01,27450.0
2023-06-01,26850.0
2023-07-01,30490.0
2023-08-01,29450.0
2023-09-01,27230.0
2023-10-01,26986.0
2023-11-01,34600.0
2023-12-01,37700.0
2024-01-01,42280.0
2024-02-01,51550.0
2024-03-01,62350.0
2024-04-01,71380.0
